year_month,state,district,enrolment_total,demographic_total,biometric_total,demo_update_rate,bio_update_rate,update_imbalance,demo_mom_delta,bio_mom_delta,z_demo_update_rate,z_bio_update_rate,ml_anomaly_score
2025-01,Andhra Pradesh,Alluri Sitharama Raju,15,5446.0,11152.0,340.375,697.0,-0.3437556479305982,,,3.173716359128816,3.17241310954877,-1
2025-01,Andhra Pradesh,Ananthapur,36,10534.0,61739.0,284.7027027027027,1668.6216216216217,-0.7084843788914409,,,3.15630946266444,3.1744834553156007,-1
2025-01,Andhra Pradesh,Ananthapuramu,57,32335.0,83413.0,557.5,1438.155172413793,-0.4412824300857891,,,3.173662587999228,3.175182502994139,-1
2025-01,Andhra Pradesh,Annamayya,12,20756.0,5952.0,1596.6153846153843,457.84615384615387,0.5542700962222472,,,3.174519295214442,3.175151153088087,-1
2025-01,Andhra Pradesh,Bapatla,10,6061.0,3161.0,551.0,287.3636363636364,0.3144313130217933,,,3.163722253386472,3.1556083391390097,-1
2025-01,Andhra Pradesh,Chittoor,163,87043.0,162842.0,530.75,992.939024390244,-0.3033343204501252,,,3.170398433078823,3.17295296438966,-1
2025-02,Andhra Pradesh,Chittoor,338,4325.0,3057.0,12.75811209439528,9.017699115044248,0.1717459027495598,-82718.0,-159785.0,-0.3215174475814684,-0.3192119553937935,-1
2025-01,Andhra Pradesh,East Godavari,171,68086.0,194787.0,395.8488372093023,1132.4825581395348,-0.4819837640846945,,,3.164307716541688,3.173863152819515,-1
2025-02,Andhra Pradesh,East Godavari,351,4086.0,3641.0,11.607954545454543,10.34375,0.0575828157349896,-64000.0,-191146.0,-0.3532669247380511,-0.3173662447724231,-1
2025-01,Andhra Pradesh,Eluru,6,5330.0,5236.0,761.4285714285714,748.0,0.0088956184347496,,,3.1683660071021253,3.174766179479509,-1
2025-01,Andhra Pradesh,Guntur,187,89212.0,195052.0,474.531914893617,1037.5106382978724,-0.3723286370112395,,,3.1706582228381985,3.174137748130199,-1
2025-02,Andhra Pradesh,Guntur,386,4186.0,3778.0,10.81653746770026,9.762273901808786,0.0512241054613935,-85026.0,-191274.0,-0.3261129592459842,-0.3115242830737838,-1
2025-01,Andhra Pradesh,Kakinada,20,13899.0,7003.0,661.8571428571429,333.4761904761905,0.3299047983543032,,,3.16878468607682,3.170841617959114,-1
2025-01,Andhra Pradesh,Krishna,133,43114.0,152991.0,321.74626865671644,1141.7238805970148,-0.560293922674472,,,3.167844584108606,3.174448150866343,-1
2025-02,Andhra Pradesh,Krishna,345,3609.0,3168.0,10.43063583815029,9.15606936416185,0.065063440542933,-39505.0,-149823.0,-0.350912508700804,-0.3146156722271063,-1
2025-01,Andhra Pradesh,Kurnool,276,100584.0,239993.0,363.1191335740072,866.4007220216606,-0.409330608553694,,,3.17252973612489,3.1741649142212336,-1
2025-02,Andhra Pradesh,Kurnool,493,4063.0,4626.0,8.224696356275304,9.364372469635628,-0.0647871116225546,-96521.0,-235367.0,-0.3118064573604249,-0.3069569918319731,-1
2025-01,Andhra Pradesh,N. T. R,16,19915.0,9005.0,1171.470588235294,529.7058823529412,0.3772345354586632,,,3.158358186520794,3.174586007722123,-1
2025-01,Andhra Pradesh,Nandyal,22,17518.0,6434.0,761.6521739130435,279.7391304347826,0.4627395315826828,,,3.1700284263667364,3.1607136800472837,-1
2025-01,Andhra Pradesh,Palnadu,21,14796.0,6746.0,672.5454545454545,306.6363636363636,0.373671262126909,,,3.1667540888000416,3.170884566346657,-1
2025-01,Andhra Pradesh,Parvathipuram Manyam,8,3514.0,7393.0,390.44444444444446,821.4444444444445,-0.3556105610561056,,,3.1652472982880107,3.174354541411223,-1
2025-02,Andhra Pradesh,Prakasam,339,3973.0,2948.0,11.68529411764706,8.670588235294117,0.1480785900028893,-38430.0,-140908.0,-0.4608002428507373,-0.3421561165105442,-1
2025-01,Andhra Pradesh,Sri Sathya Sai,16,9534.0,6497.0,560.8235294117648,382.1764705882353,0.1894336327345309,,,3.163508022333727,3.174497457909747,-1
2025-01,Andhra Pradesh,Srikakulam,112,73806.0,133231.0,653.1504424778761,1179.0353982300885,-0.287024604178943,,,3.168148459552029,3.173552658360642,-1
2025-02,Andhra Pradesh,Srikakulam,181,3165.0,2360.0,17.39010989010989,12.967032967032967,0.1456749909518639,-70641.0,-130871.0,-0.3158236608348048,-0.3094004034383005,-1
2025-01,Andhra Pradesh,Visakhapatnam,149,78273.0,213914.0,521.82,1426.0933333333332,-0.4642250879570687,,,3.1692394439725557,3.174395634929553,-1
2025-02,Andhra Pradesh,Visakhapatnam,328,4258.0,4056.0,12.94224924012158,12.328267477203648,0.0242934455802766,-74015.0,-209858.0,-0.3125481199164376,-0.3112169340598906,-1
2025-01,Andhra Pradesh,Vizianagaram,80,35279.0,105195.0,435.5432098765432,1298.7037037037037,-0.4977113365367503,,,3.166694445330699,3.1744200568422376,-1
2025-01,Andhra Pradesh,West Godavari,143,57687.0,144894.0,400.6041666666667,1006.2083333333334,-0.4304775350228549,,,3.166340688954978,3.17421434092752,-1
2025-02,Andhra Pradesh,West Godavari,244,3864.0,2736.0,15.771428571428572,11.16734693877551,0.1708831995152249,-53823.0,-142158.0,-0.3182038243857187,-0.3177254718581822,-1
2025-01,Andhra Pradesh,Y. S. R,20,15829.0,5257.0,753.7619047619048,250.33333333333331,0.5013515436050647,,,3.1726864933117818,3.171857664499904,-1
2025-01,Arunachal Pradesh,Namsai,2,704.0,3664.0,234.66666666666663,1221.3333333333333,-0.6775005722133212,,,3.1218043387055334,3.1654540818100148,-1
2025-02,Bihar,Araria,475,5878.0,2445.0,12.34873949579832,5.13655462184874,0.4124219125420471,-34616.0,-104189.0,-0.5820048591987327,-0.4253003092406967,-1
2025-02,Bihar,Bhagalpur,652,4564.0,2431.0,6.989280245022971,3.722817764165391,0.3048885077186964,-47327.0,-96913.0,-0.8353576061522856,-1.2551165345214006,-1
2025-02,Bihar,Darbhanga,592,5882.0,3510.0,9.919055649241146,5.919055649241146,0.252528478654317,-32976.0,-135355.0,-0.5103084521641704,-0.3312684755803054,-1
2025-02,Bihar,East Champaran,710,9378.0,3779.0,13.189873417721518,5.315049226441632,0.4255205958352333,-49736.0,-137394.0,0.094970293874188,-0.3466793996048935,-1
2025-02,Bihar,Gaya,679,5701.0,2480.0,8.383823529411766,3.647058823529412,0.3936690295771205,-54648.0,-129449.0,-0.7157389904736345,-0.8485240897577143,-1
2025-02,Bihar,Katihar,473,5611.0,3299.0,11.837552742616031,6.959915611814346,0.2594546066659185,-44612.0,-139473.0,-0.6165342691384852,-0.3882503373371901,-1
2025-01,Bihar,Kishanganj,121,36650.0,81147.0,300.40983606557376,665.139344262295,-0.377739859759928,,,3.153168376577104,3.174379948328224,-1
2025-02,Bihar,Madhubani,536,5692.0,3719.0,10.599627560521416,6.925512104283054,0.2096260093497662,-43941.0,-157992.0,-0.3025730366743097,-0.3694390718321508,-1
2025-02,Bihar,Muzaffarpur,549,7804.0,3520.0,14.18909090909091,6.4,0.3782781456953642,-44741.0,-137755.0,-0.1256325436388741,-0.5117464162240448,-1
2025-02,Bihar,Patna,705,8433.0,2915.0,11.944759206798867,4.128895184135978,0.4862102387875583,-45262.0,-141801.0,-0.9882227843787078,-0.9001042454608579,-1
2025-02,Bihar,Purnia,407,4219.0,2762.0,10.340686274509803,6.769607843137255,0.2086794614723575,-27439.0,-157602.0,-0.500284415753295,-0.5967254204145722,-1
2025-02,Bihar,Samastipur,850,8022.0,2812.0,9.426556991774383,3.3043478260869565,0.4808491001384402,-45717.0,-135991.0,-0.872390023900628,-0.3993688831704999,-1
2025-02,Bihar,Sitamarhi,480,3414.0,2936.0,7.097713097713098,6.103950103950104,0.0752637379940166,-50502.0,-119812.0,-0.6303909359066231,-0.2018179755871097,-1
2025-02,Bihar,Vaishali,545,4264.0,2332.0,7.809523809523809,4.271062271062271,0.2928603910868577,-41393.0,-111328.0,-0.5240843323119998,-0.3244993411427313,-1
2025-02,Bihar,West Champaran,635,6652.0,2529.0,10.459119496855346,3.976415094339623,0.4490307122631235,-45074.0,-107417.0,-0.6601273742888705,-0.6593970758748363,-1
2025-01,Chhattisgarh,Balod,20,32483.0,46786.0,1546.809523809524,2227.904761904762,-0.1804339598839409,,,3.1735151925767333,3.1728941460105045,-1
2025-01,Chhattisgarh,Bastar,65,30482.0,51312.0,461.8484848484849,777.4545454545455,-0.25466104285103,,,3.1628252128597083,3.172941026357792,-1
2025-01,Chhattisgarh,Bemetara,51,27172.0,66266.0,522.5384615384615,1274.3461538461538,-0.4183906077761962,,,3.170251024286853,3.1739004368603254,-1
2025-02,Chhattisgarh,Bilaspur,474,2548.0,4119.0,5.364210526315789,8.67157894736842,-0.2356028794241151,-74859.0,-104766.0,-1.069067901703025,-0.8319413356034229,-1
2025-01,Chhattisgarh,Dakshin Bastar Dantewada,9,1243.0,16387.0,124.3,1638.7,-0.8589416368895695,,,3.060900680119307,3.1723240376263977,-1
2025-01,Chhattisgarh,Dantewada,4,454.0,11513.0,90.8,2302.6,-0.9240474598930482,,,3.154082075793988,3.174774985797662,-1
2025-01,Chhattisgarh,Dhamtari,37,21714.0,51983.0,571.421052631579,1367.9736842105262,-0.4107167087302233,,,3.161192241179931,3.172974580992228,-1
2025-02,Chhattisgarh,Durg,171,1118.0,5387.0,6.5,31.319767441860463,-0.6561635413464494,-38562.0,-90758.0,-1.160511142004032,-0.9661622393822122,-1
2025-01,Chhattisgarh,Janjgir-champa,122,55397.0,104794.0,450.3821138211382,851.9837398373984,-0.3083612165401518,,,3.170979139112037,3.173791427385737,-1
2025-02,Chhattisgarh,Janjgir-champa,221,1538.0,3263.0,6.927927927927928,14.6981981981982,-0.3592253227821741,-53859.0,-101531.0,-0.3694009566849725,-0.328081218951635,-1
2025-01,Chhattisgarh,Jashpur,56,35041.0,39707.0,614.7543859649123,696.6140350877193,-0.0624222397624048,,,2.8441369729316293,3.0429448127361987,-1
2025-01,Chhattisgarh,Kabeerdham,15,16577.0,15707.0,1036.0625,981.6875,0.0269474988384698,,,3.174181211173837,3.1727732475011723,-1
2025-01,Chhattisgarh,Kanker,10,7442.0,27898.0,676.5454545454545,2536.181818181818,-0.5788178036841063,,,3.173295470615701,3.175298915853828,-1
2025-01,Chhattisgarh,Kawardha,33,34465.0,32472.0,1013.6764705882352,955.0588235294116,0.02977382055036,,,3.1721009315813733,3.1729272255110472,-1
2025-01,Chhattisgarh,Kondagaon,21,35446.0,31989.0,1611.1818181818182,1454.0454545454545,0.0512634201316804,,,3.174961508661722,3.174923382682639,-1
2025-01,Chhattisgarh,Korba,82,50490.0,63438.0,608.3132530120482,764.3132530120482,-0.1136497292173195,,,3.1715635806906826,3.17361041243118,-1
2025-01,Chhattisgarh,Koriya,34,11029.0,35423.0,315.1142857142857,1012.0857142857144,-0.5251329300583385,,,2.9683824669091163,3.168156502722929,-1
2025-01,Chhattisgarh,Mahasamund,89,95493.0,63407.0,1061.0333333333333,704.5222222222222,0.2019244686943442,,,3.174325340029461,3.174881988846902,-1
2025-02,Chhattisgarh,Mahasamund,115,1388.0,1819.0,11.96551724137931,15.68103448275862,-0.1343516209476309,-94105.0,-61588.0,-0.3084716520459552,-0.2936513585218762,-1
2025-01,Chhattisgarh,Mohla-Manpur-Ambagarh Chouki,2,6874.0,3766.0,2291.333333333333,1255.3333333333333,0.2920778122356921,,,3.1735921872768342,3.175363037945905,-1
2025-01,Chhattisgarh,Mungeli,70,39509.0,42416.0,556.4647887323944,597.4084507042254,-0.0354832409735615,,,3.16664895845926,3.168815965643056,-1
2025-01,Chhattisgarh,Narayanpur,17,12264.0,13662.0,681.3333333333334,759.0,-0.0539206232884637,,,3.1714662517401453,3.168885910545158,-1
2025-02,Chhattisgarh,Raipur,289,1746.0,3292.0,6.020689655172414,11.351724137931036,-0.3068069061321691,-81196.0,-106974.0,-0.3784902059471163,-0.3811335281613852,-1
2025-01,Chhattisgarh,Rajnandgaon,58,95021.0,92473.0,1610.5254237288136,1567.3389830508474,0.0135896957252193,,,3.1747310717089907,3.174934387217549,-1
2025-02,Chhattisgarh,Rajnandgaon,176,1619.0,3217.0,9.146892655367232,18.17514124293785,-0.3303700640893116,-93402.0,-89256.0,-0.309796423569645,-0.3055737367786701,-1
2025-01,Chhattisgarh,Surguja,83,57548.0,43131.0,685.0952380952381,513.4642857142857,0.1431962653953118,,,3.16538862775145,3.1716750422566435,-1
2025-01,Chhattisgarh,Uttar Bastar Kanker,1,1686.0,16540.0,843.0,8270.0,-0.8149448620178855,,,3.169778822490339,3.1754040907704173,-1
2025-02,Delhi,East Delhi,258,1809.0,1639.0,6.984555984555985,6.328185328185328,0.0492896491736735,-143319.0,-87162.0,-1.059797659156238,-1.2886077998757588,-1
2025-02,Delhi,North East Delhi,283,930.0,1769.0,3.2746478873239435,6.22887323943662,-0.3107407407407407,-104364.0,-97214.0,-1.6144562259021216,-1.4993087171533908,-1
2025-02,Delhi,North West Delhi,528,3248.0,3591.0,6.1398865784499055,6.7882797731569,-0.0501461988304093,-229425.0,-231998.0,-0.6120558323040425,-0.7536154962981145,-1
2025-02,Delhi,South Delhi,422,2156.0,2401.0,5.09692671394799,5.67612293144208,-0.0537516454585344,-149184.0,-163981.0,-0.7033679278119487,-0.5890262439701988,-1
2025-02,Delhi,South West Delhi,264,1623.0,1488.0,6.124528301886793,5.615094339622641,0.0433804627249357,-115131.0,-101935.0,-0.936869671180743,-0.6656978382666294,-1
2025-02,Delhi,West Delhi,345,2020.0,1724.0,5.838150289017341,4.982658959537572,0.0790387182910547,-170149.0,-127717.0,-1.527194563289317,-1.7119756952563272,-1
2025-02,Gujarat,Ahmedabad,720,4802.0,6781.0,6.660194174757281,9.40499306518724,-0.17083908839779,-127535.0,-282849.0,-0.7853941414242872,-0.3785151624668348,-1
2025-02,Gujarat,Rajkot,342,2248.0,2417.0,6.553935860058309,7.0466472303207,-0.0362194599228461,-75474.0,-120619.0,-1.0994379376797534,-0.9599703233511424,-1
2025-02,Gujarat,Surat,643,5767.0,4959.0,8.95496894409938,7.700310559006211,0.0753239489139554,-207240.0,-188213.0,-1.1549453140123371,-0.7472667031868341,-1
2025-02,Gujarat,Vadodara,338,2588.0,3497.0,7.6342182890855455,10.315634218289086,-0.149359185014788,-32645.0,-136650.0,-0.9644924329006852,-0.4583837494628173,-1
2025-01,Haryana,Bhiwani,67,14918.0,64061.0,219.3823529411765,942.0735294117648,-0.6222208153963028,,,3.167115109432817,3.174989494936133,-1
2025-01,Haryana,Fatehabad,37,27406.0,44447.0,721.2105263157895,1169.657894736842,-0.2371614663066774,,,3.1730249706591263,3.1716134279203416,-1
2025-01,Haryana,Jhajjar,44,17733.0,36316.0,394.06666666666666,807.0222222222222,-0.3438112858464385,,,3.1734168953474597,3.175146386052331,-1
2025-01,Haryana,Jind,82,27320.0,57117.0,329.1566265060241,688.156626506024,-0.3528861413107842,,,3.1742393040718007,3.1744481144652257,-1
2025-01,Haryana,Karnal,59,30865.0,60083.0,514.4166666666666,1001.3833333333332,-0.3212569681909641,,,3.1741724864914755,3.174678871550985,-1
2025-01,Haryana,Panchkula,8,20842.0,25704.0,2315.777777777778,2856.0,-0.1044535630652888,,,3.174979840743169,3.1753370548545843,-1
2025-01,Haryana,Rewari,50,25163.0,30834.0,493.3921568627451,604.5882352941177,-0.1012714739812136,,,3.1705164552949627,3.1729698898526064,-1
2025-01,Haryana,Sirsa,36,31365.0,61243.0,847.7027027027027,1655.2162162162165,-0.3226252308091006,,,3.17421535294629,3.174721523833724,-1
2025-01,Haryana,Yamuna Nagar,27,30958.0,55621.0,1105.642857142857,1986.4642857142856,-0.2848579348579348,,,3.174025013330405,3.175099516646396,-1
2025-01,Himachal Pradesh,Chamba,9,5711.0,19506.0,571.1,1950.6,-0.5470298992782933,,,3.102717618681765,3.173418410551138,-1
2025-01,Himachal Pradesh,Mandi,23,4538.0,38221.0,189.08333333333331,1592.5416666666667,-0.7877221702525725,,,3.139570742918394,3.174834097583928,-1
2025-01,Himachal Pradesh,Shimla,10,3538.0,22744.0,321.6363636363636,2067.6363636363635,-0.7307385001712133,,,3.165093842636405,3.1751632208201,-1
2025-01,Himachal Pradesh,Sirmaur,9,10390.0,21845.0,1039.0,2184.5,-0.355348058071721,,,3.17346160185543,3.17497068419366,-1
2025-01,Himachal Pradesh,Solan,16,2031.0,20318.0,119.47058823529412,1195.1764705882354,-0.8182102908277404,,,3.1182034717939398,3.173858104674725,-1
2025-01,Himachal Pradesh,Una,14,1981.0,18131.0,132.06666666666666,1208.7333333333331,-0.8029632575945905,,,3.1398918688053663,3.174611702155174,-1
2025-01,Jammu and Kashmir,Budgam,24,14444.0,13977.0,577.76,559.08,0.0164309337836886,,,3.173290474367782,3.1599075617262438,-1
2025-01,Jammu and Kashmir,Kishtwar,11,3186.0,14626.0,265.5,1218.8333333333333,-0.6422275865940605,,,3.1513505960584456,3.16925552705062,-1
2025-01,Jammu and Kashmir,Shupiyan,9,4536.0,9547.0,453.6,954.7,-0.3557938085771088,,,3.171342924504126,3.1722816105330898,-1
2025-02,Jharkhand,Dhanbad,442,2495.0,2088.0,5.632054176072235,4.713318284424379,0.0887870855148342,-52488.0,-106665.0,-0.6819116949464143,-0.4406988531659151,-1
2025-02,Jharkhand,Giridih,545,2089.0,1646.0,3.826007326007326,3.0146520146520146,0.1185760171306209,-67941.0,-75506.0,-0.5900058991508034,-0.3720583163425323,-1
2025-01,Jharkhand,Pashchimi Singhbhum,11,2756.0,10115.0,229.66666666666663,842.9166666666666,-0.5717060285891858,,,3.115142421298558,3.1743754872929504,-1
2025-02,Jharkhand,Ranchi,589,2621.0,2513.0,4.442372881355932,4.259322033898305,0.0210321324245374,-47237.0,-128213.0,-0.6389492379517713,-0.5872231681839692,-1
2025-02,Karnataka,Bengaluru,694,5512.0,4999.0,7.930935251798561,7.192805755395684,0.0488013698630137,-166488.0,-194422.0,-1.0393324799406385,-0.7797848776257008,-1
2025-01,Karnataka,Hassan,53,21179.0,31354.0,392.2037037037037,580.6296296296297,-0.1936840903034225,,,3.1737194213629696,3.174855598134358,-1
2025-04,Kerala,Kollam,2,2071.0,1345.0,690.3333333333334,448.3333333333333,0.2124670763827919,160.0,-142.0,3.1691469060953743,1.946915622947908,-1
2025-01,Kerala,Wayanad,20,5022.0,24076.0,239.14285714285717,1146.4761904761904,-0.6547991339908588,,,2.8049608354826714,3.169263545789622,-1
2025-01,Madhya Pradesh,Anuppur,26,14988.0,53959.0,555.1111111111111,1998.4814814814813,-0.5652230666589314,,,3.174301478271452,3.1752531164084674,-1
2025-02,Madhya Pradesh,Barwani,481,853.0,1952.0,1.7697095435684649,4.049792531120332,-0.3916607270135424,-57139.0,-110018.0,-1.4588246366473776,-0.944593427716622,-1
2025-02,Madhya Pradesh,Betul,298,599.0,2671.0,2.0033444816053514,8.933110367892976,-0.6334454295322531,-25701.0,-105013.0,-1.0217174569363023,-0.5133625827226059,-1
2025-02,Madhya Pradesh,Bhopal,462,1064.0,3339.0,2.29805615550756,7.211663066954643,-0.5165758401453224,-51761.0,-120517.0,-0.975295280884696,-0.4716239406883062,-1
2025-02,Madhya Pradesh,Chhatarpur,468,1101.0,2315.0,2.3475479744136463,4.936034115138593,-0.3552824114720515,-41130.0,-115833.0,-1.514310544782903,-0.452535621208094,-1
2025-02,Madhya Pradesh,Chhindwara,412,800.0,2844.0,1.937046004842615,6.886198547215496,-0.5607681755829904,-60723.0,-91827.0,-0.336561045166475,-0.3126547062926693,-1
2025-02,Madhya Pradesh,Dewas,441,363.0,2220.0,0.8212669683257918,5.02262443438914,-0.7186532507739938,-29389.0,-78516.0,-1.0263108958017837,-0.6229369129972112,-1
2025-02,Madhya Pradesh,Dhar,404,1107.0,2075.0,2.7333333333333334,5.1234567901234565,-0.3041156142004398,-50487.0,-109393.0,-0.937935863438184,-0.5385744674877753,-1
2025-01,Madhya Pradesh,Dindori,59,36057.0,47571.0,600.95,792.85,-0.1376795130875653,,,3.174715279265813,3.1749920001902736,-1
2025-02,Madhya Pradesh,Indore,660,2163.0,4287.0,3.2723146747352496,6.485627836611196,-0.3292512788714928,-119264.0,-136174.0,-1.298748113087562,-1.214417562012733,-1
2025-02,Madhya Pradesh,Jabalpur,549,1270.0,4007.0,2.309090909090909,7.285454545454545,-0.5185676392572944,-50549.0,-92769.0,-0.5194402311245581,-0.3618436323169956,-1
2025-02,Madhya Pradesh,Khargone,392,549.0,2512.0,1.3969465648854962,6.391857506361323,-0.6410842586544742,-18971.0,-125285.0,-1.3134452397197036,-0.7141982188105856,-1
2025-01,Madhya Pradesh,Mandla,76,38460.0,46819.0,499.4805194805195,608.038961038961,-0.0980182926829268,,,3.1745000362011457,3.17506227149858,-1
2025-01,Madhya Pradesh,Mandsaur,90,33482.0,69692.0,367.9340659340659,765.8461538461538,-0.3509571117034165,,,3.1735035619324923,3.174549669004462,-1
2025-02,Madhya Pradesh,Morena,518,990.0,2138.0,1.907514450867052,4.119460500963391,-0.3668903803131991,-71763.0,-107347.0,-1.6249161380549957,-0.923581604202811,-1
2025-02,Madhya Pradesh,Rajgarh,243,490.0,1954.0,2.0081967213114758,8.008196721311476,-0.5987730061349693,-22411.0,-126384.0,-0.3426029727466045,-0.2948845772413259,-1
2025-01,Madhya Pradesh,Ratlam,78,56812.0,85952.0,719.1392405063291,1088.0,-0.20411165201555,,,3.175170730253812,3.1746280953018453,-1
2025-02,Madhya Pradesh,Ratlam,368,659.0,3055.0,1.7859078590785908,8.279132791327914,-0.6449528936742934,-56153.0,-82897.0,-0.3021782197408063,-0.3001045542393966,-1
2025-02,Madhya Pradesh,Sagar,504,1426.0,3023.0,2.823762376237624,5.986138613861386,-0.358876404494382,-49532.0,-139441.0,-0.7059241868836612,-0.3814218630783108,-1
2025-02,Madhya Pradesh,Satna,447,1384.0,3131.0,3.0892857142857144,6.988839285714286,-0.3868467670504871,-46414.0,-112294.0,-0.5065637015954335,-0.3132825115931881,-1
2025-01,Madhya Pradesh,Shahdol,76,33331.0,66629.0,432.87012987012986,865.3116883116883,-0.3331099128660177,,,3.171068569669583,3.174783027238609,-1
2025-01,Madhya Pradesh,Sidhi,109,27667.0,96191.0,251.51818181818183,874.4636363636364,-0.5532419929112943,,,3.172488541816904,3.1753417161213657,-1
2025-01,Madhya Pradesh,Tikamgarh,119,25439.0,127223.0,211.99166666666667,1060.1916666666666,-0.6667234365890884,,,3.173961024023328,3.1753661995280758,-1
2025-02,Madhya Pradesh,Ujjain,675,1002.0,3436.0,1.482248520710059,5.082840236686391,-0.5483216940752421,-41777.0,-90619.0,-0.3376868715256512,-0.3001548839102487,-1
2025-02,Maharashtra,Ahmadnagar,509,2904.0,7969.0,5.694117647058824,15.625490196078433,-0.4657899576972595,-31067.0,-170040.0,-1.0927264827638068,-0.3600271959741538,-1
2025-02,Maharashtra,Akola,220,766.0,3610.0,3.4660633484162897,16.334841628959275,-0.6497601096641535,-11649.0,-103790.0,-1.251127065507976,-0.6870557531447239,-1
2025-02,Maharashtra,Amravati,267,1452.0,6518.0,5.417910447761194,24.32089552238806,-0.6355538828252415,-19153.0,-189610.0,-1.1577069825770652,-0.7400261371769803,-1
2025-02,Maharashtra,Aurangabad,590,1926.0,6969.0,3.2588832487309647,11.791878172588833,-0.5668839928057554,-33085.0,-170991.0,-1.209368924627226,-0.8909928367747736,-1
2025-02,Maharashtra,Beed,339,1551.0,5276.0,4.561764705882353,15.51764705882353,-0.5455477445811365,-47298.0,-143766.0,-1.2481938376383814,-1.0321910903604472,-1
2025-01,Maharashtra,Bhandara,44,7909.0,56116.0,175.75555555555556,1247.022222222222,-0.7529284977977696,,,2.848465839173958,3.173410769943376,-1
2025-02,Maharashtra,Buldhana,240,1130.0,5030.0,4.6887966804979255,20.87136929460581,-0.6330141210842396,-15678.0,-102583.0,-0.9853635620757848,-1.1098734972434618,-1
2025-02,Maharashtra,Chandrapur,153,1039.0,4554.0,6.746753246753247,29.571428571428573,-0.6283518055058992,-17537.0,-114279.0,-1.2435781063758835,-0.8977619283038469,-1
2025-01,Maharashtra,Chatrapati Sambhaji Nagar,5,4676.0,1623.0,779.3333333333334,270.5,0.4846031746031746,,,3.1725566898262,3.1738243792473986,-1
2025-01,Maharashtra,Gadchiroli,33,11551.0,67155.0,339.7352941176471,1975.1470588235293,-0.7064682937985186,,,3.118049235038132,3.1669561754918414,-1
2025-02,Maharashtra,Jalgaon,494,1698.0,7771.0,3.43030303030303,15.6989898989899,-0.6412882787750792,-26882.0,-233123.0,-1.218100559406623,-0.7431622880120966,-1
2025-01,Maharashtra,Jalna,100,14224.0,106507.0,140.83168316831683,1054.5247524752476,-0.7643623894245105,,,3.0431504935002427,3.173524955378204,-1
2025-01,Maharashtra,Kolhapur,147,19007.0,158379.0,128.42567567567568,1070.1283783783783,-0.785694554843365,,,2.918389077022342,3.174707765215804,-1
2025-02,Maharashtra,Latur,270,1528.0,4822.0,5.638376383763838,17.793357933579337,-0.5186584789796882,-28431.0,-157060.0,-1.2226259850444634,-0.4671132142197056,-1
2025-02,Maharashtra,Mumbai,589,2307.0,7316.0,3.910169491525424,12.4,-0.5204696591853699,-24045.0,-220458.0,-1.3948186781742071,-0.5151759114031748,-1
2025-01,Maharashtra,Mumbai City,46,22540.0,26296.0,479.5744680851064,559.4893617021277,-0.0769089010381473,,,3.164854079859573,3.173342572630172,-1
2025-02,Maharashtra,Mumbai Suburban,423,2653.0,4023.0,6.257075471698113,9.48820754716981,-0.205181967949678,-89661.0,-92010.0,-1.4364037229068252,-0.766234993040534,-1
2025-02,Maharashtra,Nagpur,503,2176.0,6420.0,4.317460317460317,12.738095238095235,-0.493660579271839,-47872.0,-202016.0,-1.5829084376383449,-0.7448989044591967,-1
2025-02,Maharashtra,Nanded,342,2392.0,7122.0,6.973760932944606,20.76384839650146,-0.4971098265895953,-26764.0,-189403.0,-1.0328273814876543,-0.8642959727898365,-1
2025-02,Maharashtra,Nandurbar,258,367.0,3063.0,1.416988416988417,11.826254826254829,-0.7857767414747887,-15880.0,-121048.0,-1.4657661796785544,-0.942105294625754,-1
2025-02,Maharashtra,Nashik,904,2966.0,12184.0,3.2773480662983427,13.462983425414365,-0.6084086858953205,-53483.0,-301300.0,-1.177273392080171,-1.097910669612114,-1
2025-02,Maharashtra,Pune,1124,4866.0,12090.0,4.325333333333333,10.746666666666666,-0.4260187533172141,-148321.0,-340322.0,-1.6493453306181678,-0.7689286861375457,-1
2025-01,Maharashtra,Raigarh,41,12020.0,84254.0,286.1904761904762,2006.047619047619,-0.7502882368216047,,,3.115684933589929,3.1749775330047485,-1
2025-01,Maharashtra,Ratnagiri,20,5061.0,64930.0,241.0,3091.904761904762,-0.8553691850497199,,,3.043159759124471,3.1745399978280986,-1
2025-01,Maharashtra,Sindhudurg,12,2693.0,22872.0,207.15384615384616,1759.3846153846157,-0.7892904638973637,,,3.0511423836187967,3.175024712034282,-1
2025-02,Maharashtra,Solapur,483,2737.0,6655.0,5.654958677685951,13.75,-0.4171191312679655,-39607.0,-187280.0,-1.4041658983931602,-0.6729261240453522,-1
2025-02,Maharashtra,Thane,1149,4579.0,10311.0,3.981739130434783,8.966086956521739,-0.3849304949298234,-183393.0,-299022.0,-1.2985702609062382,-1.3149860197008392,-1
2025-01,Maharashtra,Wardha,15,7136.0,64577.0,446.0,4036.0625,-0.80097331065064,,,3.1635425416313123,3.1742743798876147,-1
2025-02,Maharashtra,Yavatmal,250,2812.0,5323.0,11.203187250996017,21.20717131474104,-0.3086283185840708,-26582.0,-167200.0,-1.2913880749818802,-1.0922926253790883,-1
2025-01,Manipur,Imphal East,22,4655.0,32520.0,202.3913043478261,1413.9130434782608,-0.7495427157305788,,,2.397022756011141,3.171014044898665,-1
2025-01,Manipur,Thoubal,21,6392.0,29989.0,290.54545454545456,1363.1363636363635,-0.6485899620691551,,,2.1352272348584727,3.1732428973457054,-1
2025-01,Manipur,Ukhrul,8,2161.0,8180.0,240.11111111111111,908.8888888888888,-0.581995745503771,,,3.092079993989995,3.1746417530021924,-1
2025-01,Mizoram,Aizawl,20,6237.0,28853.0,297.0,1373.952380952381,-0.6444957396483428,,,3.1697813707240865,3.1749725370663966,-1
2025-01,Mizoram,Mamit,6,922.0,9454.0,131.71428571428572,1350.571428571429,-0.8222029488291414,,,2.8067843893591204,2.8459730027565,-1
2025-02,Punjab,Amritsar,335,1459.0,2063.0,4.342261904761905,6.1398809523809526,-0.1714447913709906,-53979.0,-106918.0,-0.9870775837441214,-1.190215382544533,-1
2025-01,Punjab,Jalandhar,49,16882.0,97695.0,337.64,1953.9,-0.7053099198799071,,,3.165223026415024,3.175074733313388,-1
2025-02,Punjab,Ludhiana,332,2200.0,2344.0,6.606606606606607,7.039039039039039,-0.0316831683168316,-51354.0,-129812.0,-0.9628865751000644,-1.0722147379609033,-1
2025-02,Rajasthan,Ajmer,387,1345.0,2201.0,3.466494845360825,5.672680412371134,-0.2413307020016915,-74193.0,-75040.0,-0.7294872365647251,-0.9293797430937188,-1
2025-02,Rajasthan,Alwar,613,2185.0,3616.0,3.5586319218241043,5.889250814332248,-0.2466390899689762,-74689.0,-122368.0,-0.8753225956918683,-0.8794862296668225,-1
2025-02,Rajasthan,Barmer,590,1067.0,3372.0,1.805414551607445,5.7055837563451774,-0.5191441441441441,-75486.0,-108445.0,-0.4000918715333083,-0.4158232495274089,-1
2025-01,Rajasthan,Ganganagar,106,40303.0,60465.0,376.66355140186914,565.0934579439253,-0.2000813742321547,,,3.1749421139410545,3.17511973988804,-1
2025-02,Rajasthan,Jaipur,985,3718.0,5582.0,3.77079107505071,5.661257606490873,-0.2004085582195462,-146734.0,-208943.0,-0.9481595514786978,-0.7659458944273179,-1
2025-02,Rajasthan,Jodhpur,565,1533.0,3476.0,2.708480565371025,6.141342756183746,-0.3878243512974051,-84753.0,-126961.0,-1.0449183984586874,-0.9684046884989378,-1
2025-02,Rajasthan,Nagaur,506,1468.0,3308.0,2.8954635108481264,6.52465483234714,-0.3851789826250785,-58106.0,-114868.0,-0.616790282098387,-0.5849638537593707,-1
2025-02,Rajasthan,Udaipur,619,1839.0,2809.0,2.9661290322580647,4.530645161290322,-0.208647020864702,-68989.0,-99716.0,-0.5487127865978556,-0.54753691745297,-1
2025-02,Tamil Nadu,Chennai,453,4389.0,4553.0,9.667400881057269,10.02863436123348,-0.0183383652018338,-38353.0,-133069.0,-0.6781559662274261,-0.4028568721227134,-1
2025-02,Tamil Nadu,Coimbatore,338,3343.0,3322.0,9.861356932153392,9.799410029498524,0.0031503150315031,-30724.0,-145756.0,-0.4784410191724662,-0.3157380047558519,-1
2025-02,Tamil Nadu,Kancheepuram,560,3668.0,4955.0,6.538324420677362,8.832442067736185,-0.149234693877551,-54875.0,-133022.0,-0.4342432068568737,-0.3626538093364501,-1
2025-01,Tamil Nadu,Kanniyakumari,48,13886.0,40399.0,283.38775510204084,824.469387755102,-0.4883947979221162,,,3.141863598597742,3.172998431910027,-1
2025-02,Tamil Nadu,Salem,409,3770.0,3904.0,9.195121951219512,9.521951219512196,-0.0174592833876221,-27005.0,-151318.0,-0.6306293323163026,-0.4061774994011496,-1
2025-02,Tamil Nadu,Tiruvallur,500,3073.0,4929.0,6.13373253493014,9.838323353293411,-0.2319130326127702,-61589.0,-136923.0,-0.3561987390638216,-0.3157910630540762,-1
2025-02,Telangana,Hyderabad,824,4480.0,5182.0,5.430303030303031,6.281212121212121,-0.0726482458863707,-112224.0,-121534.0,-1.224629394603567,-0.9311851961770592,-1
2025-02,Telangana,K.v. Rangareddy,947,4905.0,4745.0,5.174050632911392,5.005274261603375,0.0165785928919282,-74452.0,-139525.0,-0.4427248111241814,-0.3603469429016351,-1
2025-02,Uttar Pradesh,Agra,711,5332.0,4100.0,7.48876404494382,5.758426966292135,0.1306053217428177,-47474.0,-147617.0,-0.7315186702071255,-0.5314419496652537,-1
2025-02,Uttar Pradesh,Aligarh,542,2457.0,3470.0,4.524861878453039,6.390423572744015,-0.1708839406207827,-80859.0,-125583.0,-1.1496513565209905,-0.5701616071001601,-1
2025-02,Uttar Pradesh,Allahabad,608,4564.0,4857.0,7.494252873563219,7.975369458128079,-0.0310974315431967,-52574.0,-165128.0,-0.4171334962310643,-0.2963043515827304,-1
2025-02,Uttar Pradesh,Bareilly,810,5430.0,5235.0,6.695437731196054,6.454993834771886,0.0182823926495405,-98425.0,-141739.0,-1.2738092537600771,-0.734373114572505,-1
2025-02,Uttar Pradesh,Bijnor,639,4187.0,3955.0,6.5421875,6.1796875,0.028490728232838,-94061.0,-134317.0,-0.8329016280477397,-0.4002718184804874,-1
2025-02,Uttar Pradesh,Bulandshahr,653,2722.0,4103.0,4.162079510703364,6.273700305810397,-0.2023146791678874,-80837.0,-111749.0,-1.2040950229658025,-0.3536408092568524,-1
2025-02,Uttar Pradesh,Ghaziabad,676,3718.0,3029.0,5.4918759231905465,4.474150664697193,0.1021043272080616,-132466.0,-125042.0,-1.1119008573025368,-0.6785680777436499,-1
2025-02,Uttar Pradesh,Gorakhpur,679,3549.0,3399.0,5.219117647058823,4.998529411764705,0.0215858396891639,-50587.0,-106383.0,-1.6669195029572517,-0.936416681961844,-1
2025-02,Uttar Pradesh,Hardoi,626,3339.0,4004.0,5.3253588516746415,6.385964912280702,-0.0905501089324618,-45723.0,-121559.0,-1.0365604155001291,-0.5499558282989544,-1
2025-02,Uttar Pradesh,Kanpur Nagar,710,3480.0,3469.0,4.894514767932489,4.879043600562588,0.0015827338129496,-61518.0,-107310.0,-1.3993590897117194,-0.7308092655675662,-1
2025-02,Uttar Pradesh,Kheri,755,4091.0,4523.0,5.411375661375661,5.982804232804233,-0.0501450957632037,-65879.0,-105877.0,-1.3939206130609667,-0.4323094456376403,-1
2025-02,Uttar Pradesh,Kushinagar,548,3983.0,3153.0,7.2550091074681236,5.743169398907104,0.1162953621970015,-72782.0,-84595.0,-0.4096806176109848,-0.3561572669769203,-1
2025-02,Uttar Pradesh,Lucknow,922,4438.0,3871.0,4.808234019501625,4.193932827735645,0.0682310469314079,-80044.0,-132442.0,-1.7745537844662056,-0.8153814096731451,-1
2025-02,Uttar Pradesh,Meerut,775,3385.0,3413.0,4.362113402061856,4.39819587628866,-0.0041182526842182,-64823.0,-104838.0,-1.4450093345903556,-1.0196681296116283,-1
2025-02,Uttar Pradesh,Moradabad,560,2730.0,3525.0,4.866310160427807,6.283422459893048,-0.1270780051150895,-77134.0,-91533.0,-1.3376193708801996,-0.8672153759344174,-1
2025-02,Uttar Pradesh,Muzaffarnagar,428,3136.0,2953.0,7.31002331002331,6.883449883449884,0.0300492610837438,-45611.0,-109096.0,-1.1872389357326996,-0.4621490200068311,-1
2025-02,Uttar Pradesh,Pilibhit,258,2900.0,2474.0,11.196911196911197,9.552123552123552,0.0792558139534883,-71467.0,-83260.0,-0.3738891981842353,-0.2540595616581597,-1
2025-02,Uttar Pradesh,Saharanpur,508,2599.0,4129.0,5.106090373280943,8.111984282907661,-0.2273740526081141,-75722.0,-108439.0,-1.7924852999660397,-0.6668625617611847,-1
2025-02,Uttar Pradesh,Sitapur,779,4253.0,5041.0,5.452564102564103,6.462820512820513,-0.0847767616998386,-56485.0,-171588.0,-1.1857007346231334,-0.4640081697691544,-1
2025-02,Uttar Pradesh,Varanasi,495,4884.0,4214.0,9.846774193548388,8.495967741935484,0.0736344653258599,-45238.0,-106650.0,-0.5482232370582545,-0.1783660165404735,-1
2025-01,Uttarakhand,Almora,13,4687.0,16710.0,334.7857142857143,1193.571428571429,-0.5618749415833255,,,3.172670266421189,3.1749078541980515,-1
2025-01,Uttarakhand,Bageshwar,8,2513.0,13240.0,279.22222222222223,1471.111111111111,-0.6809064364605815,,,3.171823427429626,3.1749642490806687,-1
2025-01,Uttarakhand,Chamoli,18,4699.0,16241.0,247.31578947368425,854.7894736842105,-0.5511675660188148,,,3.167568424967703,3.173392652424728,-1
2025-01,Uttarakhand,Champawat,14,4968.0,12087.0,331.2,805.8,-0.4173897748592871,,,3.169774719352406,3.173693485360612,-1
2025-01,Uttarakhand,Pithoragarh,18,4528.0,16638.0,238.31578947368425,875.6842105263158,-0.5721169745358341,,,3.1540207618251435,3.173453110857071,-1
2025-01,Uttarakhand,Udham Singh Nagar,61,89496.0,60761.0,1443.483870967742,980.016129032258,0.1912377377577233,,,3.175337838996378,3.173832504360405,-1
2025-02,Uttarakhand,Udham Singh Nagar,172,1716.0,6081.0,9.919075144508671,35.15028901734104,-0.5597589125416773,-87780.0,-54680.0,-0.2931485520651299,-0.2526055361794362,-1
2025-01,Uttarakhand,Uttarkashi,12,3280.0,12923.0,252.30769230769232,994.0769230769232,-0.5950999753147371,,,3.1696687386795177,3.1729138920051465,-1
2025-02,West Bengal,Hooghly,673,6619.0,2864.0,9.820474777448071,4.249258160237389,0.3959299873471109,-37538.0,-103156.0,-0.5411545752013535,-0.3161566572923066,-1
2025-02,West Bengal,Malda,592,7699.0,2179.0,12.983136593591906,3.6745362563237776,0.5587610081992105,-69819.0,-54095.0,-0.3009777576699624,-0.3262138872690072,-1
2025-02,West Bengal,Murshidabad,1591,12862.0,4540.0,8.079145728643216,2.851758793969849,0.4781934149284606,-139181.0,-130825.0,-0.3002491465049313,-0.299294172311044,-1
2025-02,West Bengal,North 24 Parganas,1336,11633.0,4965.0,8.700822737471952,3.713537771129394,0.4017109464425568,-66545.0,-138252.0,-0.4857838964587108,-0.3131718933444377,-1
2025-02,West Bengal,South 24 Parganas,1577,11735.0,5179.0,7.436628643852979,3.282002534854246,0.3875849837422406,-147858.0,-137091.0,-0.3641434774935251,-0.3021705990777382,-1
2025-02,West Bengal,Uttar Dinajpur,820,8899.0,1952.0,10.839220462850182,2.377588306942753,0.6401584961297456,-113955.0,-51815.0,-0.0641814055361178,-0.3901171828565931,-1
